Genus,Species,NofFiles,NBDC,UBC,Yorku,UoA,GlobalBiodiversity,Ecdysis,N_NBDC_samples
Agapostemon,Agapostemon femoratus,0,0,0,0,0,0,0,0
Agapostemon,Agapostemon melliventris,0,0,0,0,0,0,0,0
Agapostemon,Agapostemon obliquus,0,0,0,0,0,0,0,0
Agapostemon,Agapostemon splendens,0,0,0,0,0,0,0,0
Agapostemon,Agapostemon texanus,0,0,0,0,0,0,0,0
Agapostemon,Agapostemon virescens,0,0,0,0,0,0,0,0
Andrena,Andrena accepta,0,0,0,0,0,0,0,0
Andrena,Andrena algida,0,0,0,0,0,0,0,0
Andrena,Andrena amphibola,0,0,0,0,0,0,0,0
Andrena,Andrena astragali,0,0,0,0,0,0,0,0
Andrena,Andrena banffensis,0,0,0,0,0,0,0,0
Andrena,Andrena barbilabris,0,0,0,0,0,0,0,0
Andrena,Andrena birtwelli,0,0,0,0,0,0,0,0
Andrena,Andrena buckelli,0,0,0,0,0,0,0,0
Andrena,Andrena canadensis,0,0,0,0,0,0,0,0
Andrena,Andrena carlini,0,0,0,0,0,0,0,0
Andrena,Andrena chromotricha,0,0,0,0,0,0,0,0
Andrena,Andrena clarkella,0,0,0,0,0,0,0,0
Andrena,Andrena colletina,0,0,0,0,0,0,0,0
Andrena,Andrena columbiana,0,0,0,0,0,0,0,0
Andrena,Andrena costillensis,0,0,0,0,0,0,0,0
Andrena,Andrena crataegi,0,0,0,0,0,0,0,0
Andrena,Andrena cupreotincta,0,0,0,0,0,0,0,0
Andrena,Andrena cyanophila,0,0,0,0,0,0,0,0
Andrena,Andrena cyanura,0,0,0,0,0,0,0,0
Andrena,Andrena erythrogaster,0,0,0,0,0,0,0,0
Andrena,Andrena forbesii,0,0,0,0,0,0,0,0
Andrena,Andrena frigida,0,0,0,0,0,0,0,0
Andrena,Andrena geranii,0,0,0,0,0,0,0,0
Andrena,Andrena haynesi,0,0,0,0,0,0,0,0
Andrena,Andrena helianthi,0,0,0,0,0,0,0,0
Andrena,Andrena hippotes,0,0,0,0,0,0,0,0
Andrena,Andrena hirticincta,0,0,0,0,0,0,0,0
Andrena,Andrena illinoiensis,0,0,0,0,0,0,0,0
Andrena,Andrena imitatrix,0,0,0,0,0,0,0,0
Andrena,Andrena lawrencei,0,0,0,0,0,0,0,0
Andrena,Andrena lupinorum,0,0,0,0,0,0,0,0
Andrena,Andrena macoupinensis,0,0,0,0,0,0,0,0
Andrena,Andrena mariae,0,0,0,0,0,0,0,0
Andrena,Andrena medionitens,0,0,0,0,0,0,0,0
Andrena,Andrena milwaukeensis,0,0,0,0,0,0,0,0
Andrena,Andrena miranda,0,0,0,0,0,0,0,0
Andrena,Andrena miserabilis,0,0,0,0,0,0,0,0
Andrena,Andrena nigrae,0,0,0,0,0,0,0,0
Andrena,Andrena nigrihirta,0,0,0,0,0,0,0,0
Andrena,Andrena nivalis,0,0,0,0,0,0,0,0
Andrena,Andrena peckhami,0,0,0,0,0,0,0,0
Andrena,Andrena perarmata,0,0,0,0,0,0,0,0
Andrena,Andrena persimulata,0,0,0,0,0,0,0,0
Andrena,Andrena prunorum,0,0,0,0,0,0,0,0
Andrena,Andrena regularis,0,0,0,0,0,0,0,0
Andrena,Andrena rufosignata,0,0,0,0,0,0,0,1
Andrena,Andrena runcinatae,0,0,0,0,0,0,0,0
Andrena,Andrena salicifloris,0,0,0,0,0,0,0,0
Andrena,Andrena salictaria,0,0,0,0,0,0,0,0
Andrena,Andrena scurra,0,0,0,0,0,0,0,0
Andrena,Andrena scutellinitens,0,0,0,0,0,0,0,0
Andrena,Andrena sigmundi,0,0,0,0,0,0,0,0
Andrena,Andrena striatifrons,0,0,0,0,0,0,0,0
Andrena,Andrena surda,0,0,0,0,0,0,0,0
Andrena,Andrena thaspii,0,0,0,0,0,0,0,5
Andrena,Andrena topazana,0,0,0,0,0,0,0,0
Andrena,Andrena trevoris,0,0,0,0,0,0,0,0
Andrena,Andrena trizonata,0,0,0,0,0,0,0,0
Andrena,Andrena vicina,0,0,0,0,0,0,0,0
Andrena,Andrena vicinoides,0,0,0,0,0,0,0,0
Andrena,Andrena w-scripta,0,0,0,0,0,0,0,0
Andrena,Andrena wellesleyana,0,0,0,0,0,0,0,0
Andrena,Andrena wheeleri,0,0,0,0,0,0,0,0
Anthidium,Anthidium clypeodentatum,0,0,0,0,0,0,0,0
Anthidium,Anthidium emarginatum,0,0,0,0,0,0,0,0
Anthidium,Anthidium manicatum,0,0,0,0,0,0,0,0
Anthidium,Anthidium porterae,0,0,0,0,0,0,0,0
Anthidium,Anthidium tenuiflorae,0,0,0,0,0,0,0,0
Anthophora,Anthophora bomboides,7,0,7,0,0,0,0,0
Anthophora,Anthophora occidentalis,7,0,7,0,0,0,0,0
Anthophora,Anthophora peritomae,4,0,4,0,0,0,0,0
Anthophora,Anthophora porterae,0,0,0,0,0,0,0,0
Anthophora,Anthophora terminalis,23,17,6,0,0,0,0,34
Anthophora,Anthophora ursina,4,0,4,0,0,0,0,0
Apis,Apis mellifera,14,8,6,0,0,0,0,71
Bombus,Bombus (Psithyrus) bohemicus,3,0,3,0,0,0,0,0
Bombus,Bombus (Psithyrus) flavidus,6,0,6,0,0,0,0,0
Bombus,Bombus (Psithyrus) insularis,8,0,7,0,1,0,0,0
Bombus,Bombus (Psithyrus) suckleyi,14,3,10,0,1,0,0,0
Bombus,Bombus appositus,6,0,6,0,0,0,0,0
Bombus,Bombus balteatus,0,0,0,0,0,0,0,0
Bombus,Bombus bifarius,6,6,0,0,0,0,0,0
Bombus,Bombus borealis,13,6,6,0,1,0,0,1
Bombus,Bombus centralis,13,6,6,0,1,0,0,1
Bombus,Bombus cryptarum,9,6,3,0,0,0,0,3
Bombus,Bombus fervidus,16,6,9,0,1,0,0,0
Bombus,Bombus flavifrons,29,21,7,0,1,0,0,166
Bombus,Bombus frigidus,3,0,3,0,0,0,0,0
Bombus,Bombus griseocollis,9,6,3,0,0,0,0,1
Bombus,Bombus huntii,4,0,3,0,1,0,0,0
Bombus,Bombus melanopygus,13,6,6,0,1,0,0,0
Bombus,Bombus mixtus,13,6,6,0,1,0,0,0
Bombus,Bombus nevadensis,21,14,6,0,1,0,0,1
Bombus,Bombus occidentalis,3,0,3,0,0,0,0,0
Bombus,Bombus pensylvanicus,9,6,3,0,0,0,0,1
Bombus,Bombus perplexus,12,6,6,0,0,0,0,0
Bombus,Bombus polaris polaris,6,0,6,0,0,0,0,0
Bombus,Bombus rufocinctus,26,20,6,0,0,0,0,148
Bombus,Bombus sitkensis,6,0,6,0,0,0,0,0
Bombus,Bombus sylvicola,13,6,7,0,0,0,0,0
Bombus,Bombus ternarius,25,19,6,0,0,0,0,169
Bombus,Bombus terricola,13,6,6,0,1,0,0,1
Bombus,Bombus vagans,29,23,6,0,0,0,0,306
Calliopsis,Calliopsis chlorops,0,0,0,0,0,0,0,0
Calliopsis,Calliopsis coloradensis,0,0,0,0,0,0,0,0
Coelioxys,Coelioxys alternatus,0,0,0,0,0,0,0,0
Coelioxys,Coelioxys banksi,0,0,0,0,0,0,0,0
Coelioxys,Coelioxys edita,0,0,0,0,0,0,0,0
Coelioxys,Coelioxys funeraria,0,0,0,0,0,0,0,0
Coelioxys,Coelioxys grindeliae,0,0,0,0,0,0,0,0
Coelioxys,Coelioxys moesta,0,0,0,0,0,0,0,0
Coelioxys,Coelioxys octodentata,0,0,0,0,0,0,0,0
Coelioxys,Coelioxys porterae,0,0,0,0,0,0,0,0
Coelioxys,Coelioxys rufitarsis,0,0,0,0,0,0,0,0
Coelioxys,Coelioxys sodalis,0,0,0,0,0,0,0,0
Colletes,Colletes aberrans,0,0,0,0,0,0,0,0
Colletes,Colletes consors,0,0,0,0,0,0,0,0
Colletes,Colletes fulgidus,0,0,0,0,0,0,0,0
Colletes,Colletes hyalinus,0,0,0,0,0,0,0,0
Colletes,Colletes impunctatus,0,0,0,0,0,0,0,0
Colletes,Colletes kincaidii,0,0,0,0,0,0,0,0
Colletes,Colletes nigrifrons,0,0,0,0,0,0,0,0
Colletes,Colletes petalostemonis,0,0,0,0,0,0,0,0
Colletes,Colletes phaceliae,0,0,0,0,0,0,0,0
Colletes,Colletes rufocinctus,0,0,0,0,0,0,0,0
Colletes,Colletes simulans,0,0,0,0,0,0,0,0
Colletes,Colletes susannae,0,0,0,0,0,0,0,0
Diadasia,Diadasia australis,0,0,0,0,0,0,0,0
Diadasia,Diadasia diminuta,0,0,0,0,0,0,0,0
Diadasia,Diadasia sp,4,0,4,0,0,0,0,0
Dianthidium,Dianthidium curvatum,0,0,0,0,0,0,0,0
Dianthidium,Dianthidium pudicum,0,0,0,0,0,0,0,0
Dufourea,Dufourea dilatipes,0,0,0,0,0,0,0,0
Dufourea,Dufourea harveyi,0,0,0,0,0,0,0,0
Dufourea,Dufourea holocyanea,0,0,0,0,0,0,0,0
Dufourea,Dufourea marginata,0,0,0,0,0,0,0,0
Dufourea,Dufourea maura,0,0,0,0,0,0,0,0
Epeolus,Epeolus ainsliei,0,0,0,0,0,0,0,0
Epeolus,Epeolus americanus,0,0,0,0,0,0,0,0
Epeolus,Epeolus compactus,0,0,0,0,0,0,0,0
Epeolus,Epeolus lutzi,0,0,0,0,0,0,0,0
Epeolus,Epeolus minimus,0,0,0,0,0,0,0,0
Eucera,Eucera fulvitarsis,3,0,3,0,0,0,0,0
Eucera,Eucera speciosa,0,0,0,0,0,0,0,0
Halictus,Halictus confusus,1,0,0,0,1,0,0,0
Halictus,Halictus ligatus,1,0,0,0,1,0,0,0
Halictus,Halictus rubicundus,1,0,0,0,1,0,0,3
Halictus,Halictus tripartitus,0,0,0,0,0,0,0,0
Halictus,Halictus virgatellus,0,0,0,0,0,0,0,0
Heriades,Heriades carinata,2,0,0,2,0,0,0,0
Heriades,Heriades variolosa,2,0,0,2,0,0,0,0
Holcopasites,Holcopasites heliopsis,0,0,0,0,0,0,0,0
Holcopasites,Holcopasites pulchellus,0,0,0,0,0,0,0,0
Holcopasites,Holcopasites stevensi,0,0,0,0,0,0,0,0
Hoplitis,Hoplitis albifrons,2,0,0,2,0,0,0,0
Hoplitis,Hoplitis fulgida,2,0,0,2,0,0,0,0
Hoplitis,Hoplitis pilosifrons,1,0,0,1,0,0,0,0
Hoplitis,Hoplitis producta,2,0,0,2,0,0,0,1
Hoplitis,Hoplitis robusta,2,0,0,2,0,0,0,0
Hoplitis,Hoplitis spoliata,2,0,0,2,0,0,0,0
Hylaeus,Hylaeus affinis,0,0,0,0,0,0,0,0
Hylaeus,Hylaeus annulatus,0,0,0,0,0,0,0,0
Hylaeus,Hylaeus basalis,0,0,0,0,0,0,0,0
Hylaeus,Hylaeus episcopalis,0,0,0,0,0,0,0,0
Hylaeus,Hylaeus gaigel,0,0,0,0,0,0,0,0
Hylaeus,Hylaeus granulatus,0,0,0,0,0,0,0,0
Hylaeus,Hylaeus leptocephalus,0,0,0,0,0,0,0,0
Hylaeus,Hylaeus mesillae,0,0,0,0,0,0,0,0
Hylaeus,Hylaeus modestus,0,0,0,0,0,0,0,0
Hylaeus,Hylaeus verticalis,0,0,0,0,0,0,0,0
Lasioglossum,Lasioglossum aberrans,0,0,0,0,0,0,0,0
Lasioglossum,Lasioglossum abundipunctum,0,0,0,0,0,0,0,0
Lasioglossum,Lasioglossum acuminatum,0,0,0,0,0,0,0,0
Lasioglossum,Lasioglossum albipenne,0,0,0,0,0,0,0,0
Lasioglossum,Lasioglossum albohirtum,0,0,0,0,0,0,0,0
Lasioglossum,Lasioglossum anomalum,0,0,0,0,0,0,0,0
Lasioglossum,Lasioglossum athabascence,0,0,0,0,0,0,0,0
Lasioglossum,Lasioglossum cinctipes,0,0,0,0,0,0,0,0
Lasioglossum,Lasioglossum colatum,0,0,0,0,0,0,0,0
Lasioglossum,Lasioglossum cooleyi,0,0,0,0,0,0,0,0
Lasioglossum,Lasioglossum coriaceum,0,0,0,0,0,0,0,0
Lasioglossum,Lasioglossum cressonii,0,0,0,0,0,0,0,0
Lasioglossum,Lasioglossum diatretum,0,0,0,0,0,0,0,0
Lasioglossum,Lasioglossum dreisbachi,0,0,0,0,0,0,0,0
Lasioglossum,Lasioglossum ebmerellum,0,0,0,0,0,0,0,0
Lasioglossum,Lasioglossum egregium,0,0,0,0,0,0,0,0
Lasioglossum,Lasioglossum hudsoniellum,0,0,0,0,0,0,0,0
Lasioglossum,Lasioglossum imbrex,0,0,0,0,0,0,0,0
Lasioglossum,Lasioglossum imitatum,0,0,0,0,0,0,0,0
Lasioglossum,Lasioglossum incompletum,0,0,0,0,0,0,0,0
Lasioglossum,Lasioglossum inconditum,0,0,0,0,0,0,0,0
Lasioglossum,Lasioglossum knereri,0,0,0,0,0,0,0,0
Lasioglossum,Lasioglossum laevissimum,0,0,0,0,0,0,0,0
Lasioglossum,Lasioglossum leucozonium,0,0,0,0,0,0,0,0
Lasioglossum,Lasioglossum lineatulum,0,0,0,0,0,0,0,0
Lasioglossum,Lasioglossum lusorium,0,0,0,0,0,0,0,0
Lasioglossum,Lasioglossum macoupinense,0,0,0,0,0,0,0,0
Lasioglossum,Lasioglossum nigroviride,0,0,0,0,0,0,0,0
Lasioglossum,Lasioglossum nigrum,0,0,0,0,0,0,0,0
Lasioglossum,Lasioglossum novascotiae,0,0,0,0,0,0,0,0
Lasioglossum,Lasioglossum occidentale,0,0,0,0,0,0,0,0
Lasioglossum,Lasioglossum packeri,0,0,0,0,0,0,0,0
Lasioglossum,Lasioglossum pallidellum,0,0,0,0,0,0,0,0
Lasioglossum,Lasioglossum paraforbesii,0,0,0,0,0,0,0,0
Lasioglossum,Lasioglossum pavoninum,0,0,0,0,0,0,0,0
Lasioglossum,Lasioglossum perpunctatum,0,0,0,0,0,0,0,0
Lasioglossum,Lasioglossum pictum,0,0,0,0,0,0,0,0
Lasioglossum,Lasioglossum planatum,0,0,0,0,0,0,0,0
Lasioglossum,Lasioglossum prasinogaster,0,0,0,0,0,0,0,0
Lasioglossum,Lasioglossum pruinosum,0,0,0,0,0,0,0,0
Lasioglossum,Lasioglossum quebecense,0,0,0,0,0,0,0,0
Lasioglossum,Lasioglossum ruidosense,0,0,0,0,0,0,0,0
Lasioglossum,Lasioglossum sagax,0,0,0,0,0,0,0,0
Lasioglossum,Lasioglossum seillean,0,0,0,0,0,0,0,0
Lasioglossum,Lasioglossum semicaeruleum,0,0,0,0,0,0,0,0
Lasioglossum,Lasioglossum sisymbrii,0,0,0,0,0,0,0,0
Lasioglossum,Lasioglossum sitocleptum,0,0,0,0,0,0,0,0
Lasioglossum,Lasioglossum succinipenne,0,0,0,0,0,0,0,0
Lasioglossum,Lasioglossum swenki,0,0,0,0,0,0,0,0
Lasioglossum,Lasioglossum synthyridis,0,0,0,0,0,0,0,0
Lasioglossum,Lasioglossum testaceum,0,0,0,0,0,0,0,0
Lasioglossum,Lasioglossum trizonatum,0,0,0,0,0,0,0,0
Lasioglossum,Lasioglossum versans,0,0,0,0,0,0,0,0
Lasioglossum,Lasioglossum zephyrus,0,0,0,0,0,0,0,0
Lasioglossum,Lasioglossum zonulum,0,0,0,0,0,0,0,0
Macropis,Macropis nuda,2,0,0,2,0,0,0,0
Megachile,Megachile anograe,0,0,0,0,0,0,0,0
Megachile,Megachile brevis,0,0,0,0,0,0,0,0
Megachile,Megachile casadae,0,0,0,0,0,0,0,0
Megachile,Megachile centuncularis,0,0,0,0,0,0,0,0
Megachile,Megachile circumcincta,0,0,0,0,0,0,0,0
Megachile,Megachile dentitarsus,0,0,0,0,0,0,0,0
Megachile,Megachile fortis,0,0,0,0,0,0,0,0
Megachile,Megachile frigida,0,0,0,0,0,0,0,0
Megachile,Megachile gemula,0,0,0,0,0,0,0,0
Megachile,Megachile inermis,12,12,0,0,0,0,0,16
Megachile,Megachile lapponica,0,0,0,0,0,0,0,0
Megachile,Megachile latimanus,0,0,0,0,0,0,0,0
Megachile,Megachile lippiae,0,0,0,0,0,0,0,0
Megachile,Megachile manifesta,0,0,0,0,0,0,0,0
Megachile,Megachile melanophaea,0,0,0,0,0,0,0,0
Megachile,Megachile montivaga,0,0,0,0,0,0,0,0
Megachile,Megachile parallela,0,0,0,0,0,0,0,0
Megachile,Megachile perihirta,1,0,0,0,1,0,0,0
Megachile,Megachile pugnata,0,0,0,0,0,0,0,0
Megachile,Megachile relativa,1,0,0,0,1,0,0,0
Megachile,Megachile rotundata,16,16,0,0,0,0,0,39
Megachile,Megachile sublaurita,0,0,0,0,0,0,0,0
Megachile,Megachile wheeleri,0,0,0,0,0,0,0,0
Melecta,Melecta pacifica,3,0,3,0,0,0,0,0
Melecta,Melecta thoracica,3,0,3,0,0,0,0,0
Melissodes,Melissodes agilis,0,0,0,0,0,0,0,0
Melissodes,Melissodes communis,4,0,4,0,0,0,0,0
Melissodes,Melissodes confusa,0,0,0,0,0,0,0,0
Melissodes,Melissodes coreopsis,0,0,0,0,0,0,0,0
Melissodes,Melissodes druriella,0,0,0,0,0,0,0,0
Melissodes,Melissodes illata,0,0,0,0,0,0,0,0
Melissodes,Melissodes lupina,0,0,0,0,0,0,0,0
Melissodes,Melissodes lutulenta,0,0,0,0,0,0,0,0
Melissodes,Melissodes menuachus,0,0,0,0,0,0,0,0
Melissodes,Melissodes microsticta,4,0,4,0,0,0,0,0
Melissodes,Melissodes pallidisignata,0,0,0,0,0,0,0,0
Melissodes,Melissodes perlusa,0,0,0,0,0,0,0,0
Melissodes,Melissodes rivalis,0,0,0,0,0,0,0,0
Melissodes,Melissodes semilupina,0,0,0,0,0,0,0,0
Melissodes,Melissodes snowii,0,0,0,0,0,0,0,0
Melissodes,Melissodes subagilis,0,0,0,0,0,0,0,0
Melissodes,Melissodes utahensis,0,0,0,0,0,0,0,0
Neolarra,Neolarra pruinosa,0,0,0,0,0,0,0,0
Neolarra,Neolarra vigilans,0,0,0,0,0,0,0,0
Nomada,Nomada aquilarum,0,0,0,0,0,0,0,0
Nomada,Nomada articulata,0,0,0,0,0,0,0,0
Nomada,Nomada bella,0,0,0,0,0,0,0,0
Nomada,Nomada lehighensis,0,0,0,0,0,0,0,0
Nomada,Nomada snowii,0,0,0,0,0,0,0,0
Nomada,Nomada valida,0,0,0,0,0,0,0,0
Nomada,Nomada vincta,0,0,0,0,0,0,0,0
Osmia,Osmia albolateralis,2,0,0,2,0,0,0,0
Osmia,Osmia atriventris,2,0,0,2,0,0,0,0
Osmia,Osmia bucephala,1,0,0,1,0,0,0,0
Osmia,Osmia coloradensis,1,0,0,1,0,0,0,0
Osmia,Osmia densa,1,0,0,1,0,0,0,0
Osmia,Osmia distincta,0,0,0,0,0,0,0,0
Osmia,Osmia ednae,0,0,0,0,0,0,0,0
Osmia,Osmia giliarum,0,0,0,0,0,0,0,0
Osmia,Osmia grindeliae,0,0,0,0,0,0,0,0
Osmia,Osmia inermis,0,0,0,0,0,0,0,0
Osmia,Osmia inspergens,0,0,0,0,0,0,0,0
Osmia,Osmia integra,0,0,0,0,0,0,0,0
Osmia,Osmia inurbana,0,0,0,0,0,0,0,0
Osmia,Osmia juxta,0,0,0,0,0,0,0,0
Osmia,Osmia lignaria,0,0,0,0,0,0,0,0
Osmia,Osmia nanula,0,0,0,0,0,0,0,0
Osmia,Osmia nifoata,0,0,0,0,0,0,0,0
Osmia,Osmia nigrifrons,0,0,0,0,0,0,0,0
Osmia,Osmia nigriventris,0,0,0,0,0,0,0,0
Osmia,Osmia pentstemonis,0,0,0,0,0,0,0,0
Osmia,Osmia proxima,0,0,0,0,0,0,0,0
Osmia,Osmia pusilla,0,0,0,0,0,0,0,0
Osmia,Osmia sculleni,0,0,0,0,0,0,0,0
Osmia,Osmia sedula,0,0,0,0,0,0,0,0
Osmia,Osmia simillima,0,0,0,0,0,0,0,0
Osmia,Osmia subaustralis,0,0,0,0,0,0,0,0
Osmia,Osmia tarsata,0,0,0,0,0,0,0,0
Osmia,Osmia tersula,0,0,0,0,0,0,0,0
Osmia,Osmia texana,0,0,0,0,0,0,0,0
Osmia,Osmia trevoris,0,0,0,0,0,0,0,0
Osmia,Osmia tristella,0,0,0,0,0,0,0,0
Panurginus,Panurginus atriceps,0,0,0,0,0,0,0,0
Panurginus,Panurginus beardsleyi,0,0,0,0,0,0,0,0
Perdita,Perdita ainsliei,0,0,0,0,0,0,0,0
Perdita,Perdita albipennis,0,0,0,0,0,0,0,0
Perdita,Perdita bruneri,0,0,0,0,0,0,0,0
Perdita,Perdita luteiceps,0,0,0,0,0,0,0,0
Perdita,Perdita maculigera,0,0,0,0,0,0,0,0
Perdita,Perdita nevadensis,0,0,0,0,0,0,0,0
Perdita,Perdita perpallida,0,0,0,0,0,0,0,0
Perdita,Perdita pretiosa,0,0,0,0,0,0,0,0
Perdita,Perdita strottleri,0,0,0,0,0,0,0,0
Perdita,Perdita swenki,0,0,0,0,0,0,0,0
Perdita,Perdita tridentata,0,0,0,0,0,0,0,0
Pseudopanurgus,Pseudopanurgus aestivalis,0,0,0,0,0,0,0,0
Pseudopanurgus,Pseudopanurgus innuptus,0,0,0,0,0,0,0,0
Pseudopanurgus,Pseudopanurgus parvus,0,0,0,0,0,0,0,0
Pseudopanurgus,Pseudopanurgus pecki,0,0,0,0,0,0,0,0
Pseudopanurgus,Pseudopanurgus piercei,0,0,0,0,0,0,0,0
Pseudopanurgus,Pseudopanurgus renimaculatus,0,0,0,0,0,0,0,0
Sphecodes,Sphecodes arroyanus,0,0,0,0,0,0,0,0
Sphecodes,Sphecodes minor,2,0,0,2,0,0,0,0
Stelis,Stelis coarctatus,0,0,0,0,0,0,0,0
Stelis,Stelis foederalis,0,0,0,0,0,0,0,0
Stelis,Stelis interrupta,0,0,0,0,0,0,0,0
Stelis,Stelis labiata,0,0,0,0,0,0,0,0
Stelis,Stelis lateralis,0,0,0,0,0,0,0,0
Stelis,Stelis montana,0,0,0,0,0,0,0,0
Stelis,Stelis nitida,0,0,0,0,0,0,0,0
Stelis,Stelis rubi,0,0,0,0,0,0,0,0
Triepeolus,Triepeolus balteatus,0,0,0,0,0,0,0,0
Triepeolus,Triepeolus concavus,0,0,0,0,0,0,0,0
Triepeolus,Triepeolus dacotensis,0,0,0,0,0,0,0,0
Triepeolus,Triepeolus helianthi,0,0,0,0,0,0,0,0
Triepeolus,Triepeolus paenepectoralis,0,0,0,0,0,0,0,0
Triepeolus,Triepeolus subalpinus,0,0,0,0,0,0,0,0
Xeromelecta,Xeromelecta californica,0,0,0,0,0,0,0,0
Zacosmia,Zacosmia maculata,0,0,0,0,0,0,0,0
