Genus,Species
Agapostemon,Agapostemon femoratus
Agapostemon,Agapostemon melliventris
Agapostemon,Agapostemon obliquus
Agapostemon,Agapostemon splendens
Agapostemon,Agapostemon texanus
Agapostemon,Agapostemon virescens
Andrena,Andrena accepta
Andrena,Andrena algida
Andrena,Andrena amphibola
Andrena,Andrena astragali
Andrena,Andrena banffensis
Andrena,Andrena barbilabris
Andrena,Andrena birtwelli
Andrena,Andrena buckelli
Andrena,Andrena canadensis
Andrena,Andrena carlini
Andrena,Andrena chromotricha
Andrena,Andrena clarkella
Andrena,Andrena colletina
Andrena,Andrena columbiana
Andrena,Andrena costillensis
Andrena,Andrena crataegi
Andrena,Andrena cupreotincta
Andrena,Andrena cyanophila
Andrena,Andrena cyanura
Andrena,Andrena erythrogaster
Andrena,Andrena forbesii
Andrena,Andrena frigida
Andrena,Andrena geranii
Andrena,Andrena haynesi
Andrena,Andrena helianthi
Andrena,Andrena hippotes
Andrena,Andrena hirticincta
Andrena,Andrena illinoiensis
Andrena,Andrena imitatrix
Andrena,Andrena lawrencei
Andrena,Andrena lupinorum
Andrena,Andrena macoupinensis
Andrena,Andrena mariae
Andrena,Andrena medionitens
Andrena,Andrena milwaukeensis
Andrena,Andrena miranda
Andrena,Andrena miserabilis
Andrena,Andrena nigrae
Andrena,Andrena nigrihirta
Andrena,Andrena nivalis
Andrena,Andrena peckhami
Andrena,Andrena perarmata
Andrena,Andrena persimulata
Andrena,Andrena prunorum
Andrena,Andrena regularis
Andrena,Andrena rufosignata
Andrena,Andrena runcinatae
Andrena,Andrena salicifloris
Andrena,Andrena salictaria
Andrena,Andrena scurra
Andrena,Andrena scutellinitens
Andrena,Andrena sigmundi
Andrena,Andrena striatifrons
Andrena,Andrena surda
Andrena,Andrena thaspii
Andrena,Andrena topazana
Andrena,Andrena trevoris
Andrena,Andrena trizonata
Andrena,Andrena vicina
Andrena,Andrena vicinoides
Andrena,Andrena wellesleyana
Andrena,Andrena wheeleri
Andrena,Andrena w-scripta
Anthidium,Anthidium clypeodentatum
Anthidium,Anthidium emarginatum
Anthidium,Anthidium manicatum
Anthidium,Anthidium porterae
Anthidium,Anthidium tenuiflorae
Anthophora,Anthophora bomboides
Anthophora,Anthophora occidentalis
Anthophora,Anthophora peritomae
Anthophora,Anthophora porterae
Anthophora,Anthophora terminalis
Anthophora,Anthophora ursina
Apis,Apis mellifera
Bombus,Bombus appositus
Bombus,Bombus balteatus
Bombus,Bombus bifarius
Bombus (Psithyrus),Bombus (Psithyrus) bohemicus
Bombus,Bombus borealis
Bombus,Bombus centralis
Bombus,Bombus cryptarum
Bombus,Bombus fervidus
Bombus (Psithyrus),Bombus (Psithyrus) flavidus
Bombus,Bombus flavifrons
Bombus,Bombus frigidus
Bombus,Bombus griseocollis
Bombus,Bombus huntii
Bombus (Psithyrus),Bombus (Psithyrus) insularis
Bombus,Bombus melanopygus
Bombus,Bombus mixtus
Bombus,Bombus nevadensis
Bombus,Bombus occidentalis
Bombus,Bombus pensylvanicus
Bombus,Bombus perplexus
Bombus,Bombus polaris polaris
Bombus,Bombus rufocinctus
Bombus,Bombus sitkensis
Bombus (Psithyrus),Bombus (Psithyrus) suckleyi
Bombus,Bombus sylvicola
Bombus,Bombus ternarius
Bombus,Bombus terricola
Bombus,Bombus vagans
Calliopsis,Calliopsis chlorops
Calliopsis,Calliopsis coloradensis
Coelioxys,Coelioxys alternatus
Coelioxys,Coelioxys banksi
Coelioxys,Coelioxys edita
Coelioxys,Coelioxys funeraria
Coelioxys,Coelioxys grindeliae
Coelioxys,Coelioxys moesta
Coelioxys,Coelioxys octodentata
Coelioxys,Coelioxys porterae
Coelioxys,Coelioxys rufitarsis
Coelioxys,Coelioxys sodalis
Colletes,Colletes aberrans
Colletes,Colletes consors
Colletes,Colletes fulgidus
Colletes,Colletes hyalinus
Colletes,Colletes impunctatus
Colletes,Colletes kincaidii
Colletes,Colletes nigrifrons
Colletes,Colletes petalostemonis
Colletes,Colletes phaceliae
Colletes,Colletes rufocinctus
Colletes,Colletes simulans
Colletes,Colletes susannae
Diadasia,Diadasia sp
Diadasia,Diadasia australis
Diadasia,Diadasia diminuta
Dianthidium,Dianthidium curvatum
Dianthidium,Dianthidium pudicum
Dufourea,Dufourea dilatipes
Dufourea,Dufourea harveyi
Dufourea,Dufourea holocyanea
Dufourea,Dufourea marginata
Dufourea,Dufourea maura
Epeolus,Epeolus ainsliei
Epeolus,Epeolus americanus
Epeolus,Epeolus compactus
Epeolus,Epeolus lutzi
Epeolus,Epeolus minimus
Eucera,Eucera fulvitarsis
Eucera,Eucera speciosa
Halictus,Halictus confusus
Halictus,Halictus ligatus
Halictus,Halictus rubicundus
Halictus,Halictus tripartitus
Halictus,Halictus virgatellus
Heriades,Heriades carinata
Heriades,Heriades variolosa
Holcopasites,Holcopasites heliopsis
Holcopasites,Holcopasites pulchellus
Holcopasites,Holcopasites stevensi
Hoplitis,Hoplitis albifrons
Hoplitis,Hoplitis fulgida
Hoplitis,Hoplitis pilosifrons
Hoplitis,Hoplitis producta
Hoplitis,Hoplitis robusta
Hoplitis,Hoplitis spoliata
Hylaeus,Hylaeus affinis
Hylaeus,Hylaeus annulatus
Hylaeus,Hylaeus basalis
Hylaeus,Hylaeus episcopalis
Hylaeus,Hylaeus gaigel
Hylaeus,Hylaeus granulatus
Hylaeus,Hylaeus leptocephalus
Hylaeus,Hylaeus mesillae
Hylaeus,Hylaeus modestus
Hylaeus,Hylaeus verticalis
Lasioglossum,Lasioglossum aberrans
Lasioglossum,Lasioglossum abundipunctum
Lasioglossum,Lasioglossum acuminatum
Lasioglossum,Lasioglossum albipenne
Lasioglossum,Lasioglossum albohirtum
Lasioglossum,Lasioglossum anomalum
Lasioglossum,Lasioglossum athabascence
Lasioglossum,Lasioglossum cinctipes
Lasioglossum,Lasioglossum colatum
Lasioglossum,Lasioglossum cooleyi
Lasioglossum,Lasioglossum coriaceum
Lasioglossum,Lasioglossum cressonii
Lasioglossum,Lasioglossum diatretum
Lasioglossum,Lasioglossum dreisbachi
Lasioglossum,Lasioglossum ebmerellum
Lasioglossum,Lasioglossum egregium
Lasioglossum,Lasioglossum hudsoniellum
Lasioglossum,Lasioglossum imbrex
Lasioglossum,Lasioglossum imitatum
Lasioglossum,Lasioglossum incompletum
Lasioglossum,Lasioglossum inconditum
Lasioglossum,Lasioglossum knereri
Lasioglossum,Lasioglossum laevissimum
Lasioglossum,Lasioglossum leucozonium
Lasioglossum,Lasioglossum lineatulum
Lasioglossum,Lasioglossum lusorium
Lasioglossum,Lasioglossum macoupinense
Lasioglossum,Lasioglossum nigroviride
Lasioglossum,Lasioglossum nigrum
Lasioglossum,Lasioglossum novascotiae
Lasioglossum,Lasioglossum occidentale
Lasioglossum,Lasioglossum packeri
Lasioglossum,Lasioglossum pallidellum
Lasioglossum,Lasioglossum paraforbesii
Lasioglossum,Lasioglossum pavoninum
Lasioglossum,Lasioglossum perpunctatum
Lasioglossum,Lasioglossum pictum
Lasioglossum,Lasioglossum planatum
Lasioglossum,Lasioglossum prasinogaster
Lasioglossum,Lasioglossum pruinosum
Lasioglossum,Lasioglossum quebecense
Lasioglossum,Lasioglossum ruidosense
Lasioglossum,Lasioglossum sagax
Lasioglossum,Lasioglossum seillean
Lasioglossum,Lasioglossum semicaeruleum
Lasioglossum,Lasioglossum sisymbrii
Lasioglossum,Lasioglossum sitocleptum
Lasioglossum,Lasioglossum succinipenne
Lasioglossum,Lasioglossum swenki
Lasioglossum,Lasioglossum synthyridis
Lasioglossum,Lasioglossum testaceum
Lasioglossum,Lasioglossum trizonatum
Lasioglossum,Lasioglossum versans
Lasioglossum,Lasioglossum zephyrus
Lasioglossum,Lasioglossum zonulum
Macropis,Macropis nuda
Megachile,Megachile anograe
Megachile,Megachile brevis
Megachile,Megachile casadae
Megachile,Megachile centuncularis
Megachile,Megachile circumcincta
Megachile,Megachile dentitarsus
Megachile,Megachile fortis
Megachile,Megachile frigida
Megachile,Megachile gemula
Megachile,Megachile inermis
Megachile,Megachile lapponica
Megachile,Megachile latimanus
Megachile,Megachile lippiae
Megachile,Megachile manifesta
Megachile,Megachile melanophaea
Megachile,Megachile montivaga
Megachile,Megachile parallela
Megachile,Megachile perihirta
Megachile,Megachile pugnata
Megachile,Megachile relativa
Megachile,Megachile rotundata
Megachile,Megachile sublaurita
Megachile,Megachile wheeleri
Melecta,Melecta pacifica
Melecta,Melecta thoracica
Melissodes,Melissodes agilis
Melissodes,Melissodes communis
Melissodes,Melissodes confusa
Melissodes,Melissodes coreopsis
Melissodes,Melissodes druriella
Melissodes,Melissodes illata
Melissodes,Melissodes lupina
Melissodes,Melissodes lutulenta
Melissodes,Melissodes menuachus
Melissodes,Melissodes microsticta
Melissodes,Melissodes pallidisignata
Melissodes,Melissodes perlusa
Melissodes,Melissodes rivalis
Melissodes,Melissodes semilupina
Melissodes,Melissodes snowii
Melissodes,Melissodes subagilis
Melissodes,Melissodes utahensis
Neolarra,Neolarra pruinosa
Neolarra,Neolarra vigilans
Nomada,Nomada aquilarum
Nomada,Nomada articulata
Nomada,Nomada bella
Nomada,Nomada lehighensis
Nomada,Nomada snowii
Nomada,Nomada valida
Nomada,Nomada vincta
Osmia,Osmia albolateralis
Osmia,Osmia atriventris
Osmia,Osmia bucephala
Osmia,Osmia coloradensis
Osmia,Osmia densa
Osmia,Osmia distincta
Osmia,Osmia ednae
Osmia,Osmia giliarum
Osmia,Osmia grindeliae
Osmia,Osmia inermis
Osmia,Osmia inspergens
Osmia,Osmia integra
Osmia,Osmia inurbana
Osmia,Osmia juxta
Osmia,Osmia lignaria
Osmia,Osmia nanula
Osmia,Osmia nifoata
Osmia,Osmia nigrifrons
Osmia,Osmia nigriventris
Osmia,Osmia pentstemonis
Osmia,Osmia proxima
Osmia,Osmia pusilla
Osmia,Osmia sculleni
Osmia,Osmia sedula
Osmia,Osmia simillima
Osmia,Osmia subaustralis
Osmia,Osmia tarsata
Osmia,Osmia tersula
Osmia,Osmia texana
Osmia,Osmia trevoris
Osmia,Osmia tristella
Panurginus,Panurginus atriceps
Panurginus,Panurginus beardsleyi
Perdita,Perdita ainsliei
Perdita,Perdita albipennis
Perdita,Perdita bruneri
Perdita,Perdita luteiceps
Perdita,Perdita maculigera
Perdita,Perdita nevadensis
Perdita,Perdita perpallida
Perdita,Perdita pretiosa
Perdita,Perdita strottleri
Perdita,Perdita swenki
Perdita,Perdita tridentata
Pseudopanurgus,Pseudopanurgus aestivalis
Pseudopanurgus,Pseudopanurgus innuptus
Pseudopanurgus,Pseudopanurgus parvus
Pseudopanurgus,Pseudopanurgus pecki
Pseudopanurgus,Pseudopanurgus piercei
Pseudopanurgus,Pseudopanurgus renimaculatus
Sphecodes,Sphecodes arroyanus
Sphecodes,Sphecodes minor
Stelis,Stelis coarctatus
Stelis,Stelis foederalis
Stelis,Stelis interrupta
Stelis,Stelis labiata
Stelis,Stelis lateralis
Stelis,Stelis montana
Stelis,Stelis nitida
Stelis,Stelis rubi
Triepeolus,Triepeolus balteatus
Triepeolus,Triepeolus concavus
Triepeolus,Triepeolus dacotensis
Triepeolus,Triepeolus helianthi
Triepeolus,Triepeolus paenepectoralis
Triepeolus,Triepeolus subalpinus
Xeromelecta,Xeromelecta californica
Zacosmia,Zacosmia maculata
